ref_key,title,abstract_text,source,word_count,extraction_date
THESIS,Effects of graphical cues during information processing in a social science context,"Social science is sometimes faced with legitimizing its own scientific value to certain  audiences. The Elaboration Likelihood Model offers a way to understand how audiences  process information and previous studies suggest that graphical cues within science messages  may help to increase its perceived scientific value, especially among individuals with lower  need for cognition. This study extends these predictions into a social science context by  manipulating the presence of graphical cues within a popular article using an online  experiment. Results suggest that graphical cues interacted with college major where students  majoring in a non-science-related field perceived messages with graphical cues to have less  scientific value, which is opposite of what was predicted. Within these non-science majors,  need for cognition interacted with the treatment, such that participants with higher need for  cognition perceived the messages with graphical cues and having less scientific value. 
",user_input,141,2026-02-01 11:04:32
REF_001,The “nasty effect:” Online incivility and risk perceptions of emerging technologies,"Uncivil discourse is a growing concern in American rhetoric, and this trend has expanded beyond traditional media to online sources, such as audience comments. Using an experiment given to a sample representative of the U.S. population, we examine the effects online incivility on perceptions toward a particular issue—namely, an emerging technology, nanotechnology. We found that exposure to uncivil blog comments can polarize risk perceptions of nanotechnology along the lines of religiosity and issue support.",openalex_search,74,2026-02-01 11:04:38
REF_002,The role of media and deference to scientific authority in cultivating trust in sources of information about emerging technologies,"Journal Article The Role of Media and Deference to Scientific Authority in Cultivating Trust in Sources of Information about Emerging Technologies Get access Ashley A. Anderson, Ashley A. Anderson 1Department of Life Sciences Communication, University of Wisconsin–Madison, 2Center for Nanotechnology and Society at Arizona State University, 3University of Wisconsin–Madison Nanoscale Science and Engineering Center in Templated Synthesis and Assembly at the Nanoscale and 4School of Public Affairs, Arizona State University Ashley A. Anderson is a PhD candidate in the Department of Life Sciences Communication at the University of Wisconsin–Madison. Her research focuses on public opinion and public deliberation about emerging science and technology issues. Search for other works by this author on: Oxford Academic Google Scholar Dietram A. Scheufele, Dietram A. Scheufele 1Department of Life Sciences Communication, University of Wisconsin–Madison, 2Center for Nanotechnology and Society at Arizona State University, 3University of Wisconsin–Madison Nanoscale Science and Engineering Center in Templated Synthesis and Assembly at the Nanoscale and 4School of Public Affairs, Arizona State University Dietram A. Scheufele is Professor and Director of Graduate Studies in the Department of Life Sciences Communication at the University of Wisconsin–Madison. His work focuses on public opinion, political communication, and public attitudes toward new technologies, including nanotechnology, stem cell research, and genetically modified organisms. Search for other works by this author on: Oxford Academic Google Scholar Dominique Brossard, Dominique Brossard 1Department of Life Sciences Communication, University of Wisconsin–Madison, 2Center for Nanotechnology and Society at Arizona State University, 3University of Wisconsin–Madison Nanoscale Science and Engineering Center in Templated Synthesis and Assembly at the Nanoscale and 4School of Public Affairs, Arizona State University Dominique Brossard (PhD, Cornell University) is an associate professor and Director of Undergraduate Studies in the Department of Life Sciences Communication, University of Wisconsin-Madison, USA, and a faculty affiliate of the UW–Madison Robert and Jean Holtz Center for Science and Technology Studies. Her research broadly focuses on the intersection between science, media and the public and on the understanding of public opinion dynamics in the context of controversial science. She has recently co-edited (with Jim Shanahan and Clint Nesbit) the book The Media, the Public, and Agricultural Biotechnology (CABI Publishing, 2007). Search for other works by this author on: Oxford Academic Google Scholar Elizabeth A. Corley Elizabeth A. Corley 1Department of Life Sciences Communication, University of Wisconsin–Madison, 2Center for Nanotechnology and Society at Arizona State University, 3University of Wisconsin–Madison Nanoscale Science and Engineering Center in Templated Synthesis and Assembly at the Nanoscale and 4School of Public Affairs, Arizona State University Elizabeth A. Corley is the Lincoln Professor of Public Policy, Ethics & Emerging Technologies and an Associate Professor in the School of Public Affairs at Arizona State University. Her research focuses on technology policy and environmental policy. She serves as a Co-Principal Investigator for the NSF-funded Center for Nanotechnology in Society at Arizona State University (CNS-ASU). Search for other works by this author on: Oxford Academic Google Scholar International Journal of Public Opinion Research, Volume 24, Issue 2, Summer 2012, Pages 225–237, https://doi.org/10.1093/ijpor/edr032 Published: 25 August 2011 Article history Received: 14 October 2010 Accepted: 24 April 2011 Published: 25 August 2011",openalex_doi,516,2026-02-01 11:04:41
REF_003,"Social science research: Principles, methods, and practices","This book is designed to introduce doctoral and postgraduate students to the process of conducting scientific research in the social sciences, business, education, public health, and related disciplines. It is a one-stop, comprehensive, and compact source for foundational concepts in behavioural research, and can serve as a standalone text or as a supplement to research readings in any doctoral seminar or research methods class. This book is currently being used as a research text at universities in 216 countries, across six continents and has been translated into seven different languages. To receive updates on this book, including the translated versions, please follow the author on Facebook or Twitter @Anol_B.",openalex_search,109,2026-02-01 11:04:43
REF_004,Influence processes for information technology acceptance: An elaboration likelihood model,"This study examines how processes of external influence shape information technology acceptance among potential users, how such influence effects vary across a user population, and whether these effects are persistent over time. Drawing on the elaboration-likelihood model (ELM), we compared two alternative influence processes, the central and peripheral routes, in motivating IT acceptance. These processes were respectively operationalized using the argument quality and source credibility constructs, and linked to perceived usefulness and attitude, the core perceptual drivers of IT acceptance. We further examined how these influence processes were moderated by users’ IT expertise and perceived job relevance and the temporal stability of such influence effects. Nine hypotheses thus developed were empirically validated using a field survey of document management system acceptance at an eastern European governmental agency. This study contributes to the IT acceptance literature by introducing ELM as a referent theory for acceptance research, by elaborating alternative modes of influence, and by specifying factors moderating their effects. For practitioners, this study introduces influence processes as policy tools that managers can employ to motivate IT acceptance within their organizations, benchmarks alternative influence strategies, and demonstrates the need for customizing influence strategies to the specific needs of a user population.",crossref_api,199,2026-02-01 11:04:44
REF_005,Deference to scientific authority among a low information public: Understanding US opinion on agricultural biotechnology,"This study uses the contemporary debate over agricultural biotechnology to conceptualize a theoretical model that can be used to explain how citizens reach judgments across a range of science and technology controversies. We report findings from a mail survey of New York State residents that depicts a ‘low information’ public relying heavily on heuristics such as value predispositions, trust, and schema to form an opinion about agricultural biotechnology. Science knowledge does play a modest role, with the news media serving as an important source of informal learning. Contrary to expectations and past research, we do not find any direct effects for news attention on support for agricultural biotechnology. Deference to scientific authority is a central value predisposition shaping support for agricultural biotechnology. Positively correlated with education, deference to scientific authority is the strongest influence on support for agricultural biotechnology in our model. Part of the variable's influence is direct, but part of it is also indirect, as deference to scientific authority is a key predictor of both trust in the sponsors of biotechnology and generalized reservations about the impacts of science.",openalex_doi,181,2026-02-01 11:04:46
REF_006,"Science, new media, and the public","The asymmetric α-addition of relatively nonpolar hydrocarbon substrates, such as allyl and aryl groups, to aldehydes and ketones remains a largely unsolved problem in organic synthesis, despite the wide potential utility of direct routes to such products. We reasoned that well-established chiral amine catalysis, which activates aldehydes toward electrophile addition by enamine formation, could be expanded to this important reaction class by applying a single-electron oxidant to create a transient radical species from the enamine. We demonstrated the concept of singly occupied molecular orbital (SOMO) activation with a highly selective α-allylation of aldehydes, and we here present preliminary results for enantioselective heteroarylations and cyclization/halogenation cascades.",openalex_doi,105,2026-02-01 11:04:49
REF_007,The need for cognition,,not_found,0,2026-02-01 11:04:51
REF_008,The efficient assessment of need for cognition,A short form for assessing individual differences in need for cognition is described.,openalex_doi,13,2026-02-01 11:04:54
REF_009,Dispositional differences in cognitive motivation: The life and times of individuals varying in need for cognition,,not_found,0,2026-02-01 11:04:56
REF_010,Crafting normative messages to protect the environment,"It is widely recognized that communications that activate social norms can be effective in producing societally beneficial conduct. Not so well recognized are the circumstances under which normative information can backfire to produce the opposite of what a communicator intends. There is an understandable, but misguided, tendency to try to mobilize action against a problem by depicting it as regrettably frequent. Information campaigns emphasize that alcohol and drug use is intolerably high, that adolescent suicide rates are alarming, and—most relevant to this article—that rampant polluters are spoiling the environment. Although these claims may be both true and well intentioned, the campaigns' creators have missed something critically important: Within the statement “Many people are doing this undesirable thing” lurks the powerful and undercutting normative message “Many people are doing this.” Only by aligning descriptive norms (what people typically do) with injunctive norms (what people typically approve or disapprove) can one optimize the power of normative appeals. Communicators who fail to recognize the distinction between these two types of norms imperil their persuasive efforts.",openalex_search,172,2026-02-01 11:04:59
REF_011,Using narratives and storytelling to communicate science with nonexpert audiences,"Ammonia-oxidizing archaea are ubiquitous in marine and terrestrial environments and now thought to be significant contributors to carbon and nitrogen cycling. The isolation of Candidatus “Nitrosopumilus maritimus” strain SCM1 provided the opportunity for linking its chemolithotrophic physiology with a genomic inventory of the globally distributed archaea. Here we report the 1,645,259-bp closed genome of strain SCM1, revealing highly copper-dependent systems for ammonia oxidation and electron transport that are distinctly different from known ammonia-oxidizing bacteria. Consistent with in situ isotopic studies of marine archaea, the genome sequence indicates N. maritimus grows autotrophically using a variant of the 3-hydroxypropionate/4-hydroxybutryrate pathway for carbon assimilation, while maintaining limited capacity for assimilation of organic carbon. This unique instance of archaeal biosynthesis of the osmoprotectant ectoine and an unprecedented enrichment of multicopper oxidases, thioredoxin-like proteins, and transcriptional regulators points to an organism responsive to environmental cues and adapted to handling reactive copper and nitrogen species that likely derive from its distinctive biochemistry. The conservation of N. maritimus gene content and organization within marine metagenomes indicates that the unique physiology of these specialized oligophiles may play a significant role in the biogeochemical cycles of carbon and nitrogen.",openalex_doi,190,2026-02-01 11:05:01
REF_012,The psychology of attitudes,,book_no_abstract,0,2026-02-01 11:05:01
REF_013,"To prosper, organizational psychology should… overcome methodological barriers to progress","Abstract Progress in organizational psychology (OP) research depends on the rigor and quality of the methods we use. This paper identifies ten methodological barriers to progress and offers suggestions for overcoming the barriers, in part or whole. The barriers address how we derive hypotheses from theories, the nature and scope of the questions we pursue in our studies, the ways we address causality, the manner in which we draw samples and measure constructs, and how we conduct statistical tests and draw inferences from our research. The paper concludes with recommendations for integrating research methods into our ongoing development goals as scholars and framing methods as tools that help us achieve shared objectives in our field. Copyright © 2008 John Wiley &amp; Sons, Ltd.",openalex_search,123,2026-02-01 11:05:04
REF_014,Making social science matter: Why social inquiry fails and how it can succeed again,,book_no_abstract,0,2026-02-01 11:05:04
REF_015,Evaluation of smoking prevention television messages based on the elaboration likelihood model,"Progress in reducing youth smoking may depend on developing improved methods to communicate with higher risk youth. This study explored the potential of smoking prevention messages based on the Elaboration Likelihood Model (ELM) to address these needs. Structured evaluations of 12 smoking prevention messages based on three strategies derived from the ELM were conducted in classroom settings among a diverse sample of non-smoking middle school students in three states (n = 1771). Students categorized as likely to have higher involvement in a decision to initiate cigarette smoking reported relatively high ratings on a cognitive processing indicator for messages focused on factual arguments about negative consequences of smoking than for messages with fewer or no direct arguments. Message appeal ratings did not show greater preference for this message type among higher involved versus lower involved students. Ratings from students reporting lower academic achievement suggested difficulty processing factual information presented in these messages. The ELM may provide a useful strategy for reaching adolescents at risk for smoking initiation, but particular attention should be focused on lower academic achievers to ensure that messages are appropriate for them. This approach should be explored further before similar strategies could be recommended for large-scale implementation.",openalex_doi,199,2026-02-01 11:05:07
REF_016,Visual strategies: A practical guide to graphics for scientists & engineers,,book_no_abstract,0,2026-02-01 11:05:07
REF_017,We found only one-third of published psychology research is reliable – now what? The Conversation,"I apologize, but I must begin making my case for subjective measurement by recounting to you my own experiences with it over the past few years.Almost a decade ago, when the field of applied behavior analysis was beginning to expand so rapidly, we were faced with the task of putting together the Journal of Applied Be- havior Analysis.For a period of several months Garth Hopkins, who was our managing editor, presented us with a series of unexpected deci- sions to make; like: What color should the paper be?And did we need a paper that would hold together for two thousand years or were we willing to live with a shelf-life of only a thousand years?And so on.Just a couple of days before we were sched- uled to go to press with our very first issue, Garth called with one more question.""What is the purpose of the Journal of Applied Behavior Analysis?"", he asked.He said we needed to put a description of the purpose on the inside front cover, as one finds in other journals.He needed an answer almost immediately.",openalex_search,179,2026-02-01 11:05:09
REF_018,Effects of inquiry-based learning on students’ science literacy skills and confidence,"Calls for reform in university education have prompted a movement from teacher- to student-centered course design, and included developments such as peer-teaching, problem and inquiry-based learning. In the sciences, inquiry-based learning has been widely promoted to increase literacy and skill development, but there has been little comparison to more traditional curricula. In this study, we demonstrated greater improvements in students’ science literacy and research skills using inquiry lab instruction. We also found that inquiry students gained self-confidence in scientific abilities, but traditional students’ gain was greater –likely indicating that the traditional curriculum promoted over-confidence. Inquiry lab students valued more authentic science exposure but acknowledged that experiencing the complexity and frustrations faced by practicing scientists was challenging, and may explain the widespread reported student resistance to inquiry curricula.",openalex_search,127,2026-02-01 11:05:12
REF_019,Scientese and ambiguous citations in the selling of unproven medical treatments,"Unproven medical treatments are widely marketed, and are especially accessible via the Internet. Little is known about factors that may increase the persuasiveness of information used to promote such unproven treatments. This article examines the effect of scientese (use of scientific jargon) and attributed versus unattributed citations on message persuasiveness on science and nonscience majors. Scientese, as expected, increased message persuasiveness. Contrary to expectations, this effect was not moderated by science versus nonscience major, graduate versus undergraduate status, or potential involvement with the message topic. In addition, no effect was found for attributed versus unattributed citations either as a main effect or in interaction with science major, graduate or undergraduate status, or for an indicator of involvement with the health topic. These findings are consistent with Food and Drug Administration concerns about the ability of the public to critically discern the quality of evidence supporting use of unproven remedies and dietary supplements. Similarly, they raise questions about the judicial reasoning that presumes consumers can make such judgments, though replication with clinical populations would be desirable to strengthen policy-relevant inferences.",openalex_doi,179,2026-02-01 11:05:15
REF_020,The Oxford Companion to the History of Modern Science,,book_no_abstract,0,2026-02-01 11:05:15
REF_021,"The dominant view of popularization: Conceptual problems, political uses","The culturally-dominant view of the popularization of science rests on a two-stage model: first, scientists develop genuine knowledge; second, popularizers spread streamlined versions to the public. At best, popularization is seen as a low-status educational task of `appropriate simplification'. At worst, it is `pollution' — the distortion of science by outsiders. This paper shows that the dominant view suffers from conceptual problems, and greatly oversimplifies the process. But, despite these weaknesses, the dominant view serves scientists (and others who derive their authority from technical expertise) as a resource in public discourse, providing a repertoire of rhetorical devices for interpreting science for outsiders, and a powerful tool for sustaining the social hierarchy of expertise.",crossref_api,113,2026-02-01 11:05:16
REF_022,Value-expressive versus utilitarian advertising appeals: When and why to use which appeal,"Abstract Value-expressive advertising appeals are effective when the product is value-expressive, while utilitarian appeals are effective when the product is utilitarian. When the product is value-expressive, audience persuasion is influenced through self-congruity. Conversely, when the product is utilitarian, audience persuasion is influenced through functional congruity. The effectiveness of the value-expressive as opposed to utilitarian appeals is argued also to be a function of such product-related factors as differentiation, life cycle, scarcity, and conspicuousness, and consumer-related factors such as involvement, prior knowledge, and self-monitoring. Future research and managerial implications are discussed.",openalex_search,90,2026-02-01 11:05:19
REF_023,Physical attractiveness of the celebrity endorser: A social adaptation perspective,"Three factors were manipulated in an advertisement for disposable razors: celebrity-source physical attractiveness, celebrity-source likability, and participant product involvement. Attitudes and purchase intentions changed due to celebrity-source attractiveness, and the results were interpreted as supporting social adaptation theory.",openalex_doi,38,2026-02-01 11:05:21
REF_024,The persuasive effect of graphics in computer-mediated communication,,not_found,0,2026-02-01 11:05:23
REF_025,Usable knowledge: Social science and social problem solving (Vol,"Previous article Next article Bounds on Multiprocessing Timing AnomaliesR. L. GrahamR. L. Grahamhttps://doi.org/10.1137/0117039PDFBibTexSections ToolsAdd to favoritesExport CitationTrack CitationsEmail SectionsAbout[1] E. F. Codd, Multiprogram scheduling. I, II. Introduction and theory, Comm. ACM, 3 (1960), 347–350 10.1145/367297.367317 MR0130079 0102.34202 CrossrefISIGoogle Scholar[2] R. L. Graham, Bounds for certain multiprocessing anomalies, Bell System Tech. J., 45 (1966), 1563–1581 0168.40703 CrossrefISIGoogle Scholar[3] J. Heller, Sequencing aspects of multiprogramming, J. Assoc. Comput. Mach., 8 (1961), 426–439 MR0159443 CrossrefGoogle Scholar[4] John L. Kelley, General topology, D. Van Nostrand Company, Inc., Toronto-New York-London, 1955xiv+298 MR0070144 0066.16604 Google Scholar[5] B. Liebesman, The use of a special algebra in schedule analysis, to appear Google Scholar[6] G. K. Manacher, Production and stabilization of real-time task schedules, J. Assoc. Comput. Mach., 14 (1967), 439–465 CrossrefISIGoogle Scholar[7] B. P. Ochsner, Controlling a multiprocessor system, Record, 44, Bell Laboratories, 1966, pp. 59–62 Google Scholar[8] P. Richards, Parallel programming, Rep., TD-B60-27, Technical Operations Inc., 1960 Google Scholar[9] M. Rothkopf, Scheduling independent tasks on one or more processors, Interim Tech. Rep., 2, Operations Research Center, M.I.T., Cambridge, 1964 Google Scholar Previous article Next article FiguresRelatedReferencesCited ByDetails DAG Scheduling and Analysis on Multi-Core Systems by Modelling Parallelism and DependencyIEEE Transactions on Parallel and Distributed Systems, Vol. 33, No. 12 | 1 Dec 2022 Cross Ref The BH-mixed scheduling algorithm for DAG tasks with constrained deadlinesJournal of Systems Architecture, Vol. 131 | 1 Oct 2022 Cross Ref Streaming algorithms for multitasking scheduling with shared processingDiscrete Applied Mathematics, Vol. 320 | 1 Oct 2022 Cross Ref Checkpointing Workflows à la Young/Daly Is Not Good EnoughACM Transactions on Parallel Computing, Vol. 25 | 2 September 2022 Cross Ref Parallel Machine Scheduling Under Uncertainty: Models and Exact AlgorithmsINFORMS Journal on Computing, Vol. 68 | 17 August 2022 Cross Ref EasyFL: A Low-Code Federated Learning Platform for DummiesIEEE Internet of Things Journal, Vol. 9, No. 15 | 1 Aug 2022 Cross Ref Demand-Aware Network Design With Minimal Congestion and Route LengthsIEEE/ACM Transactions on Networking, Vol. 30, No. 4 | 1 Aug 2022 Cross Ref Speed scaling scheduling of multiprocessor jobs with energy constraint and makespan criterionJournal of Global Optimization, Vol. 83, No. 3 | 26 November 2021 Cross Ref An Efficient Parallel Algorithm for Detecting Packet Filter ConflictsAlgorithms, Vol. 15, No. 7 | 7 July 2022 Cross Ref A two-stage genetic programming framework for Stochastic Resource Constrained Multi-Project Scheduling Problem under New Project InsertionsApplied Soft Computing, Vol. 124 | 1 Jul 2022 Cross Ref Minimizing makespan on parallel batch processing machines with two-dimensional rectangular jobsComputers & Industrial Engineering, Vol. 169 | 1 Jul 2022 Cross Ref Joinable Parallel Balanced Binary TreesACM Transactions on Parallel Computing, Vol. 9, No. 2 | 30 Jun 2022 Cross Ref Work-conserving disciplines are asymptotic optimal in completion time minimizationIISE Transactions, Vol. 43 | 30 June 2022 Cross Ref Tight approximation bounds for the LPT rule applied to identical parallel machines with small jobsJournal of Scheduling, Vol. 1 | 28 June 2022 Cross Ref A novel genetic algorithm based system for the scheduling of medical treatmentsExpert Systems with Applications, Vol. 195 | 1 Jun 2022 Cross Ref Bounding the execution time of parallel applications on unrelated multiprocessorsReal-Time Systems, Vol. 58, No. 2 | 21 October 2021 Cross Ref Approximation algorithms for bicriteria scheduling problems on identical parallel machines for makespan and total completion timeEuropean Journal of Operational Research, Vol. 52 | 1 Jun 2022 Cross Ref The fellowship of the Dyson ring: ACT&Friends’ results and methods for GTOC 11Acta Astronautica, Vol. 8 | 1 Jun 2022 Cross Ref Efficient Simulation of 3D Reaction-Diffusion in Models of Neurons and NetworksFrontiers in Neuroinformatics, Vol. 16 | 17 May 2022 Cross Ref Malleable scheduling beyond identical machinesJournal of Scheduling, Vol. 12 | 11 May 2022 Cross Ref Faster Minimization of Tardy Processing Time on a Single MachineAlgorithmica, Vol. 84, No. 5 | 27 January 2022 Cross Ref Guaranteeing Safety Despite Physical Errors in Cyber-Physical Systems2022 IEEE 28th Real-Time and Embedded Technology and Applications Symposium (RTAS) | 1 May 2022 Cross Ref Minimizing DAG Utilization by Exploiting SMT2022 IEEE 28th Real-Time and Embedded Technology and Applications Symposium (RTAS) | 1 May 2022 Cross Ref Response time analysis of parallel tasks on accelerator-based heterogeneous platformsJournal of Systems Architecture, Vol. 126 | 1 May 2022 Cross Ref Out-of-Core Edge Partitioning at Linear Run-Time2022 IEEE 38th International Conference on Data Engineering (ICDE) | 1 May 2022 Cross Ref Variable neighbourhood search for job scheduling with position-dependent deteriorating processing timesJournal of the Operational Research Society, Vol. 131 | 26 April 2022 Cross Ref On the Evaluation of the Ambulance Capacity of the Asian Side of Istanbul in the Case of a Serious EarthquakeDisaster Medicine and Public Health Preparedness, Vol. 16, No. 2 | 27 October 2020 Cross Ref An adaptive self‐scheduling loop schedulerConcurrency and Computation: Practice and Experience, Vol. 34, No. 6 | 2 December 2021 Cross Ref Semi-online scheduling: A surveyComputers & Operations Research, Vol. 139 | 1 Mar 2022 Cross Ref Multi-station test scheduling optimization method for industrial robot servo systemJournal of Ambient Intelligence and Humanized Computing, Vol. 13, No. 3 | 15 October 2020 Cross Ref Computing exact WCRT for typed DAG tasks on heterogeneous multi-core processorsJournal of Systems Architecture, Vol. 124 | 1 Mar 2022 Cross Ref Effects of Continuous vs Discrete Frequency Scaling and Core Allocation on Energy Efficiency of Static Schedules for Moldable TasksParallel Processing Letters, Vol. 32, No. 01n02 | 10 December 2021 Cross Ref Single-machine scheduling with machine unavailability periods and resource dependent processing timesEuropean Journal of Operational Research, Vol. 296, No. 2 | 1 Jan 2022 Cross Ref The Piggyback Transportation Problem: Transporting drones launched from a flying warehouseEuropean Journal of Operational Research, Vol. 296, No. 2 | 1 Jan 2022 Cross Ref A Combinatorial 2-Approximation Algorithm for the Parallel-Machine Scheduling with Release Times and Submodular PenaltiesMathematics, Vol. 10, No. 1 | 25 December 2021 Cross Ref Scheduling of Real-Time Tasks With Multiple Critical Sections in Multiprocessor SystemsIEEE Transactions on Computers, Vol. 71, No. 1 | 1 Jan 2022 Cross Ref Noncooperative Supply Chain SchedulingSupply Chain Scheduling | 20 October 2021 Cross Ref Saving power in disks, flash memories, and serversStorage Systems | 1 Jan 2022 Cross Ref BibliographyStorage Systems | 1 Jan 2022 Cross Ref A 2-Competitive Largest Job on Least Loaded Machine Online Algorithm Based on the Multi List Scheduling ModelProceedings of the Seventh International Conference on Mathematics and Computing | 6 March 2022 Cross Ref New Results on Competitive Analysis of Online SRPT SchedulingProceedings of the Seventh International Conference on Mathematics and Computing | 6 March 2022 Cross Ref Scheduling K-mers Counting in a Distributed EnvironmentOptimization in Artificial Intelligence and Data Sciences | 2 March 2022 Cross Ref A Parallel Algorithm for GAC Filtering of the Alldifferent ConstraintIntegration of Constraint Programming, Artificial Intelligence, and Operations Research | 10 June 2022 Cross Ref Exploring Scheduling Algorithms for Parallel Task Graphs: A Modern Game Engine Case StudyEuro-Par 2022: Parallel Processing | 1 August 2022 Cross Ref Approximation Schemes for Machine SchedulingOperations Research Proceedings 2021 | 30 August 2022 Cross Ref Approximation Scheme for Single-Machine Rescheduling with Job Delay and RejectionAlgorithmic Aspects in Information and Management | 18 September 2022 Cross Ref The Constrained Parallel-Machine Scheduling Problem with Divisible Processing Times and PenaltiesAlgorithmic Aspects in Information and Management | 18 September 2022 Cross Ref PathTracer: Understanding Response Time of Signal Processing Applications on Heterogeneous MPSoCsACM Transactions on Modeling and Performance Evaluation of Computing Systems, Vol. 6, No. 4 | 31 Dec 2021 Cross Ref Energy-efficient scheduling: classification, bounds, and algorithmsSādhanā, Vol. 46, No. 1 | 26 February 2021 Cross Ref A heuristic algorithm for identical parallel machine scheduling: splitting jobs, sequence-dependent setup times, and limited setup operatorsFlexible Services and Manufacturing Journal, Vol. 33, No. 4 | 28 November 2020 Cross Ref Improved scalability of demand-aware datacenter topologies with minimal route lengths and congestionPerformance Evaluation, Vol. 152 | 1 Dec 2021 Cross Ref Online Makespan Scheduling with Job Migration on Uniform MachinesAlgorithmica, Vol. 83, No. 12 | 19 August 2021 Cross Ref Opportunistic Overlapping: Joint scheduling of uplink URLLC/eMBB traffic in NOMA based Wireless Systems2021 19th International Symposium on Modeling and Optimization in Mobile, Ad hoc, and Wireless Networks (WiOpt) | 18 Oct 2021 Cross Ref A note on labeling methods to schedule unit execution time tasks in the presence of delayed precedence constraintsJournal of Parallel and Distributed Computing, Vol. 156 | 1 Oct 2021 Cross Ref Bounding schemes for the parallel machine scheduling problem with DeJong's learning effectJournal of Parallel and Distributed Computing, Vol. 156 | 1 Oct 2021 Cross Ref Mixed-Cell-Height Detailed Placement Considering Complex Minimum-Implant-Area ConstraintsIEEE Transactions on Computer-Aided Design of Integrated Circuits and Systems, Vol. 40, No. 10 | 1 Oct 2021 Cross Ref Simulation-based priority rules for the stochastic resource-constrained net present value and risk problemComputers & Industrial Engineering, Vol. 160 | 1 Oct 2021 Cross Ref Cost-adaptive multi-class multicast service aggregation based on distributed sub-trees in elastic optical data center networksOptical Fiber Technology, Vol. 66 | 1 Oct 2021 Cross Ref Delay and Cost Optimization in Computational Offloading Systems with Unknown Task Processing TimesIEEE Transactions on Cloud Computing, Vol. 9, No. 4 | 1 Oct 2021 Cross Ref Lap: A latency‐aware parallelism framework for content‐based publish/subscribe systemsConcurrency and Computation: Practice and Experience, Vol. 35 | 21 September 2021 Cross Ref Improved co-scheduling of multi-layer printing path scanning for collaborative additive manufacturingIISE Transactions, Vol. 53, No. 9 | 17 September 2020 Cross Ref Approximation algorithms for makespan minimization on identical parallel machines under resource constraintsJournal of the Operational Research Society, Vol. 72, No. 9 | 23 June 2020 Cross Ref Best Fit Bin Packing with Random Order RevisitedAlgorithmica, Vol. 83, No. 9 | 1 July 2021 Cross Ref Approximation algorithms for the multiprocessor scheduling with submodular penaltiesOptimization Letters, Vol. 15, No. 6 | 20 March 2021 Cross Ref An improved parametric algorithm on two-machine scheduling with given lower and upper bounds for the total processing timeTheoretical Computer Science, Vol. 880 | 1 Aug 2021 Cross Ref Greedy is Optimal for Online Restricted Assignment and Smart Grid Scheduling for Unit Size JobsTheory of Computing Systems, Vol. 65, No. 6 | 8 April 2021 Cross Ref Single Machine Vector Scheduling with General PenaltiesMathematics, Vol. 9, No. 16 | 17 August 2021 Cross Ref A Survey on Problem Formulations and (Meta)Heuristic-Based Solutions in Automated Assembly of Parallel Test FormsInternational Journal of Software Engineering and Knowledge Engineering, Vol. 31, No. 08 | 14 September 2021 Cross Ref Timing-Anomaly Free Dynamic Scheduling of Periodic DAG Tasks with Non-Preemptive Nodes2021 IEEE 27th International Conference on Embedded and Real-Time Computing Systems and Applications (RTCSA) | 1 Aug 2021 Cross Ref Graph-Based Optimizations for Multiprocessor Nested Resource Sharing2021 IEEE 27th International Conference on Embedded and Real-Time Computing Systems and Applications (RTCSA) | 1 Aug 2021 Cross Ref Greedy Successive Relaying for the Multicarrier Diamond Relay Channel2021 National Conference on Communications (NCC) | 27 Jul 2021 Cross Ref Buffer minimization with conflicts on a lineTheoretical Computer Science, Vol. 876 | 1 Jul 2021 Cross Ref ARTful: A model for user‐defined schedulers targeting multiple high‐performance computing runtime systemsSoftware: Practice and Experience, Vol. 51, No. 7 | 4 April 2021 Cross Ref In-Memory Interval JoinsThe VLDB Journal, Vol. 30, No. 4 | 8 April 2021 Cross Ref Efficient Pre-Solve Algorithms for the Schwerin and Falkenauer_U Bin Packing Benchmark Problems for Getting Optimal Solutions with High ProbabilityMathematics, Vol. 9, No. 13 | 1 July 2021 Cross Ref Teaching Complex Scheduling Algorithms2021 IEEE International Parallel and Distributed Processing Symposium Workshops (IPDPSW) | 1 Jun 2021 Cross Ref Makespan minimization with OR-precedence constraintsJournal of Scheduling, Vol. 24, No. 3 | 29 May 2021 Cross Ref Implementing synchronous reactive components upon multiprocessor platformsJournal of Systems Architecture, Vol. 116 | 1 Jun 2021 Cross Ref Offline preemptive bottom left decreasing height scheduling of power loads in smart gridsEnergy Systems, Vol. 9 | 31 May 2021 Cross Ref Disruption-Free Load Balancing for Aerial Access NetworkWireless Communications and Mobile Computing, Vol. 2021 | 23 May 2021 Cross Ref K‐ear: Extracting data access periodic characteristics for energy‐aware data clustering and storing in cloud storage systemsConcurrency and Computation: Practice and Experience, Vol. 33, No. 9 | 30 November 2020 Cross Ref Absolute bounds of list algorithms for parallel machines scheduling with unavailability periodsInternational Transactions in Operational Research, Vol. 28, No. 3 | 30 August 2018 Cross Ref Argus: Efficient Job Scheduling in RDMA-assisted Big Data Processing2021 IEEE International Parallel and Distributed Processing Symposium (IPDPS) | 1 May 2021 Cross Ref Iterative job splitting algorithms for parallel machine scheduling with job splitting and setup resource constraintsJournal of the Operational Research Society, Vol. 72, No. 4 | 6 February 2020 Cross Ref Ideal schedules in parallel machine settingsEuropean Journal of Operational Research, Vol. 290, No. 2 | 1 Apr 2021 Cross Ref Exact lexicographic scheduling and approximate reschedulingEuropean Journal of Operational Research, Vol. 290, No. 2 | 1 Apr 2021 Cross Ref Approximate and robust bounded job start scheduling for Royal Mail delivery officesJournal of Scheduling, Vol. 24, No. 2 | 21 March 2021 Cross Ref Two-Aggregator Topology Optimization Using Single Paths in Data Center NetworksIEEE Transactions on Cloud Computing, Vol. 9, No. 2 | 1 Apr 2021 Cross Ref Continuously Bulk Loading over Range Partitioned Tables for Large Scale Historical Data2021 IEEE 37th International Conference on Data Engineering (ICDE) | 1 Apr 2021 Cross Ref Automatic detection of the best performing priority rule for the resource-constrained project scheduling problemExpert Systems with Applications, Vol. 167 | 1 Apr 2021 Cross Ref A hyper-heuristic based ensemble genetic programming approach for stochastic resource constrained project scheduling problemExpert Systems with Applications, Vol. 167 | 1 Apr 2021 Cross Ref Relative Worst-order AnalysisACM Computing Surveys, Vol. 54, No. 1 | 1 Apr 2021 Cross Ref A mixed-integer linear programming model to solve the Multidimensional Multi-Way Number Partitioning ProblemComputers & Operations Research, Vol. 127 | 1 Mar 2021 Cross Ref Capacity Approaching Low Density Spreading in Uplink NOMA via Asymptotic AnalysisIEEE Transactions on Communications, Vol. 69, No. 3 | 1 Mar 2021 Cross Ref Maximin share guarantee for goods with positive externalitiesSocial Choice and Welfare, Vol. 56, No. 2 | 27 August 2020 Cross Ref Scheduling uniform parallel dedicated machines with job splitting, sequence-dependent setup times, and multiple serversComputers & Operations Research, Vol. 126 | 1 Feb 2021 Cross Ref Efficient Hybrid Density Functional Calculations for Large Periodic Systems Using Numerical Atomic OrbitalsJournal of Chemical Theory and Computation, Vol. 17, No. 1 | 14 December 2020 Cross Ref Mixed coordination mechanisms for scheduling games on hierarchical machinesInternational Transactions in Operational Research, Vol. 28, No. 1 | 25 May 2018 Cross Ref Integrated Scheduling of Tasks and Preventive Maintenance Periods in a Parallel Machine Environment With Single Robot ServerIEEE Access, Vol. 9 | 1 Jan 2021 Cross Ref Scheduling ortsfester GebrauchsfaktorenProduktionstheorie 4 | 17 May 2021 Cross Ref Schedule Explainer: An Argumentation-Supported Tool for Interactive Explanations in Makespan SchedulingExplainable and Transparent AI and Multi-Agent Systems | 17 July 2021 Cross Ref Update on the Asymptotic Optimality of LPTEuro-Par 2021: Parallel Processing | 25 August 2021 Cross Ref A Log-Linear $$(2 +5/6)$$-Approximation Algorithm for Parallel Machine Scheduling with a Single Orthogonal ResourceEuro-Par 2021: Parallel Processing | 25 August 2021 Cross Ref Scheduling with Testing on Multiple Identical Parallel MachinesAlgorithms and Data Structures | 31 July 2021 Cross Ref A Fluid Scheduling Algorithm for DAG Tasks with Constrained or Arbitrary DeadlinesIEEE Transactions on Computers | 1 Jan 2021 Cross Ref Improved MapReduce Load Balancing through Distribution-Dependent Hash Function Optimization2020 IEEE 26th International Conference on Parallel and Distributed Systems (ICPADS) | 1 Dec 2020 Cross Ref An exact algorithm for identical parallel machine scheduling under scenarios2020 3rd World Conference on Mechanical Engineering and Intelligent Manufacturing (WCMEIM) | 1 Dec 2020 Cross Ref Vector scheduling with rejection on two machinesInternational Journal of Computer Mathematics, Vol. 97, No. 12 | 9 January 2020 Cross Ref Anomalies in Special Permutation Flow Shop Scheduling ProblemsChinese Journal of Mechanical Engineering, Vol. 33, No. 1 | 9 June 2020 Cross Ref DAG Scheduling and Analysis on Multiprocessor Systems: Exploitation of Parallelism and Dependency2020 IEEE Real-Time Systems Symposium (RTSS) | 1 Dec 2020 Cross Ref High-performance computing under availability constraints to solve dense triangular system2020 5th International Conference on Cloud Computing and Artificial Intelligence: Technologies and Applications (CloudTech) | 24 Nov 2020 Cross Ref Adversarial Attacks in a Deep Reinforcement Learning based Cluster Scheduler2020 28th International Symposium on Modeling, Analysis, and Simulation of Computer and Telecommunication Systems (MASCOTS) | 17 Nov 2020 Cross Ref Fast load balance parallel graph analytics with an automatic graph data structure selection algorithmFuture Generation Computer Systems, Vol. 112 | 1 Nov 2020 Cross Ref Influential nodes selection to enhance data dissemination in A of Network and Computer Applications, Vol. 169 | 1 Nov 2020 Cross Ref Scheduling jobs with and delivery on identical parallel batch Computer Science, Vol. | 1 Nov 2020 Cross Ref A of optimal multiprocessor schedules and of Combinatorial Optimization, Vol. 40, No. 4 | 12 August 2020 Cross Ref Scheduling on with IEEE Symposium on of Computer | 1 Nov 2020 Cross Ref the for Makespan Scheduling via of Operations Research, Vol. No. 4 | 1 Nov 2020 Cross Ref Parallel of with Parallel for IEEE International Conference on Systems, and | 11 Oct 2020 Cross Ref A approximation framework for and resource Journal of Operational Research, Vol. No. 1 | 1 Oct 2020 Cross Ref Approximation Algorithms for the Submodular Load Balancing with Submodular PenaltiesMathematics, Vol. No. 10 | 15 October 2020 Cross Ref Real-Time Scheduling and Analysis of DAG Tasks Nested Transactions on Computers, Vol. 69, No. 9 | 1 2020 Cross Ref Efficient Federated Scheduling for Parallel Real-Time IEEE 26th International Conference on Embedded and Real-Time Computing Systems and Applications (RTCSA) | 1 Aug 2020 Cross Ref On the Asymptotic Optimality of in Time International Conference on Computer Communications and Networks | 1 Aug 2020 Cross Ref Approximation for Scheduling on Parallel with or Problems New Applications and | 8 July 2020 Cross Ref Research on and for the of Job Shop Scheduling Problems in Engineering, Vol. 2020 | 6 Jul 2020 Cross Ref Scheduling on of Computing Surveys, Vol. 53, No. 3 | 5 Jul 2020 Cross Ref Scheduling for the Algorithms and IEEE Symposium on Computers and Communications | 1 Jul 2020 Cross Ref Scheduling MapReduce on Identical and of Computing Systems, Vol. No. 5 | 29 November Cross Ref Optimal scheduling of parallel real-time Systems, Vol. 56, No. 3 | 29 March 2020 Cross Ref On of Transactions on the Vol. No. 3 | 21 Jun 2020 Cross Ref Exact and heuristic algorithms for scheduling on two identical machines with & Industrial Engineering, Vol. | 1 Jun 2020 Cross Ref A genetic algorithm for Management Science, Vol. No. 2 | 27 March Cross Ref Resource Allocation in Low Density Spreading Uplink NOMA via Asymptotic IEEE International Symposium on Information Theory | 1 Jun 2020 Cross Ref Dynamic with Minimal of the on and Analysis of Computing Systems, Vol. No. 1 | 27 May 2020 Cross Ref On scheduling multiple two-stage Computer Science, Vol. | 1 May 2020 Cross Ref Real-Time scheduling and analysis of parallel tasks on heterogeneous of Systems Architecture, Vol. | 1 May 2020 Cross Ref for to for Packing in Transactions on Computer-Aided Design of Integrated Circuits and Systems, Vol. No. 5 | 1 May 2020 Cross Ref The Efficient Multiprocessor of IEEE International Symposium on Real-Time Distributed Computing | 1 May 2020 Cross Ref Data Services for High Energy International Symposium on Cloud and Internet Computing | 1 May 2020 Cross Ref Analysis of a List Scheduling Algorithm for Task on of IEEE International Parallel and Distributed Processing Symposium (IPDPS) | 1 May 2020 Cross Ref On the of DAG Scheduling in Multiprocessor IEEE International Parallel and Distributed Processing Symposium (IPDPS) | 1 May 2020 Cross Ref Joint Task Scheduling and Management in IEEE International Parallel and Distributed Processing Symposium (IPDPS) | 1 May 2020 Cross Ref Machine scheduling with precedence Journal of Operational Research, Vol. No. 2 | 1 Apr 2020 Cross Ref of Parallel and Distributed Computing, Vol. | 1 Apr 2020 Cross Ref The Processing Time rule for identical parallel machines of Scheduling, Vol. No. 2 | 18 December 2018 Cross Ref of for task on machinesJournal of Combinatorial Optimization, Vol. | 6 March 2020 Cross Ref Transactions on Vol. 16, No. 1 | 5 Mar 2020 Cross Ref Improved approximation algorithms for two-stage scheduling Computer Science, Vol. | 1 Feb 2020 Cross Ref for Mixed Vol. No. 1 | 15 May Cross Ref A of of scheduling: and of Scheduling, Vol. No. 1 | 28 January 2020 Cross Ref A for Proceedings in Computer Science, Vol. | 20 January 2020 Cross Ref Makespan for Software Testing Under in of Computer Systems and Networks | 12 May Cross Ref Approximation algorithms for & Chemical Engineering, Vol. | 1 Jan 2020 Cross Ref Single with Time for Parallel Task Processing with and Unknown Transactions on Parallel and Distributed Systems, Vol. 31, No. 1 | 1 Jan 2020 Cross Ref An Approximation Algorithm for a Task Sequencing and Scheduling Problem a and | 1 Jan 2020 Cross Ref Greedy Is Optimal for Online Restricted Assignment and Smart Grid Scheduling for Unit Size and Online Algorithms | 25 January 2020 Cross Ref A Parallel Tool for the Simulation and Processing and Applied Mathematics | 19 March 2020 Cross Ref Makespan Minimization for Parallel with Energy Optimization Theory and Operations Research | 29 June 2020 Cross Ref Scheduling to Time via Linear Journal on Computing, Vol. No. 4 | 9 April on Hybrid Improved | 3 December 2020 Cross Ref An of a in Multiple Parallelism on Modern Systems | 1 September 2020 Cross Ref Buffer Minimization with on a in | 23 September 2020 Cross Ref Automated Journal of Vol. 24 | 17 Dec Cross Ref Scheduling of Performance Evaluation Vol. No. 2 | 4 Dec Cross Ref Uniform Parallel Machine Scheduling with Job and Vol. No. 24 | 13 December Cross Ref Modeling and Scheduling Problem with Uniform Parallel to Vol. No. 12 | 21 November Cross Ref Real-Time Scheduling of DAG Tasks with Arbitrary Transactions on Design of Systems, Vol. 24, No. 6 | 14 Nov Cross Ref Scheduling parallel identical machines to parallel approximation of Parallel and Distributed Computing, Vol. | 1 Nov Cross Ref scheduling of independent parallel tasks on and multiple processorsJournal of Parallel and Distributed Computing, Vol. | 1 Nov Cross Ref Minimizing machine over of the scheduling problem Computer Science, Vol. | 1 Nov Cross Ref Performance Tasks with for Cloud Data Center Resource Transactions on Parallel and Distributed Systems, Vol. 30, No. 11 | 1 Nov Cross Ref Response Time Bounds for DAG Parallel Tasks on Heterogeneous Transactions on Parallel and Distributed Systems, Vol. 30, No. 11 | 1 Nov Cross Ref The of and for Network of Operations Research, Vol. 44, No. 4 | 1 Nov Cross Ref Timing-Anomaly Free Dynamic Scheduling of DAG Tasks on Multi-Core Transactions on Embedded Computing Systems, Vol. No. | 19 Oct Cross Ref Two-Aggregator Topology Optimization Using Multiple Paths in Data Center NetworksIEEE Transactions on Cloud Computing, Vol. No. 4 | 1 Oct Cross Ref A of parallel machine scheduling with processing of Scheduling, Vol. No. 5 | 25 March Cross Ref on an of Computer Science, Vol. 13, No. 5 | 17 June Cross Ref On for with of the VLDB Vol. 13, No. 2 | 1 Oct Cross Ref Assignment in Real-Time Scheduling of DAG Tasks on Transactions on Parallel and Distributed Systems, Vol. 30, No. 10 | 1 Oct Cross Ref A of the loop schedulerConcurrency and Computation: Practice and Experience, Vol. 31, No. 18 | 1",openalex_search,3943,2026-02-01 11:05:25
REF_026,Knowledge for what: The place of social science in American culture,,book_no_abstract,0,2026-02-01 11:05:25
REF_027,Seeing is believing: The effect of brain images on judgments of scientific reasoning,,not_found,0,2026-02-01 11:05:27
REF_028,Scientific literacy: A conceptual and empirical review,"Content and Language Integrated Learning (CLIL) has gained increased attention as a pedagogical link between conceptual and language development due to the combined demands for STEM competency and multilingual competence. Using empirical studies published, this systematic review investigates whether CLIL improves students' disciplinary vocabulary and scientific literacy in STEM education. Sixty-two studies were found in major databases and coded according to pedagogical, design, and context factors. The results consistently show that CLIL learners outperform their classmates who are not CLIL in terms of conceptual understanding and scientific communication. When training clearly combines language objectives with disciplinary activities like reasoning, debate, and modeling, the biggest advances take place. A deeper conceptual engagement is supported by evidence that suggests multimodal scaffolding, translanguaging techniques, and cognitively productive classroom discourse reduce the risk of cognitive overload. Uneven resource access and a lack of teacher experience with dual-focus design, on the other hand, continue to be obstacles. According to the review's findings, CLIL can effectively promote scientific literacy when language is viewed as a cognitive tool for disciplinary thinking rather than just a teaching medium. A reporting checklist and a scaffolded CLIL-STEM framework are suggested to direct further study and application. The implications for curriculum development, teacher preparation, and educational policy that aim to promote integrated literacy in science are examined.",semantic_scholar_search,216,2026-02-01 11:05:29
REF_029,"Public understanding of, and attitudes toward, scientific research: What we know and what we need to know","Over the last four decades, a substantial body of national survey material has been collected in the US concerning the public understanding of science and technology. Using this body of research, this analysis outlines the major trends from 1957 to 1999 and discusses their implications for public understanding of, and attitudes toward, scientific research. The analysis found that although the rate of civic scientific literacy in the US is only now approaching 20 percent, there is a strong and continuing public belief in the value of scientific research for economic prosperity and for the quality of life. Even though there are some continuing reservations about the pace of change engendered by science and technology and the relationship between science and faith, the public consistently reconciles these differing perceptions in favor of science.",crossref_api,132,2026-02-01 11:05:30
REF_030,Picture-based persuasion processes and the moderating role of involvement,"Although pictures have been shown to enhance the impact of persuasive communications, little is known about the robustness of such effects. This study examines how involvement moderates the process by which pictures affect brand attitudes and purchase intentions. The results show that involvement's moderating role depends on whether pictures convey product-relevant information. Whereas the impact of affect-laden pictures devoid of product-relevant information declines as involvement increases, involvement exerts the opposite effect for product-relevant pictures. The results also demonstrate that the images evoked by pictures and thoughts about a picture's appropriateness play an important mediating role in the persuasion process underlying peripheral pictures. Coauthors are Sunil Bhatla, Kenneth R. Lord, Peter R. Dickson, and H. Rao Unnava. Copyright 1991 by the University of Chicago.",openalex_doi,123,2026-02-01 11:05:33
REF_031,The effect of on-line consumer reviews on consumer purchasing intention: The moderating role of involvement,"On-line consumer reviews, functioning both as informants and as recommenders, are important in making purchase decisions and for product sales. Their persuasive impact depends on both their quality and their quantity. This paper uses the elaboration likelihood model to explain how level of involvement with a product moderates these relationships. The study produces three major findings: (1) the quality of on-line reviews has a positive effect on consumers&amp;amp;apos; purchasing intention, (2) purchasing intention increases as the number of reviews increases, and (3) low-involvement consumers are affected by the quantity rather than the quality of reviews, but high-involvement consumers are affected by review quantity mainly when the review quality is high. These findings have implications for on-line sellers in terms of how to manage on-line consumer reviews.",openalex_doi,126,2026-02-01 11:05:36
REF_032,Two routes to persuasion: State of the art,,book_no_abstract,0,2026-02-01 11:05:36
REF_033,Source factors and the elaboration likelihood model of persuasion,,not_found,0,2026-02-01 11:05:37
REF_034,The elaboration likelihood model of persuasion,,not_found,0,2026-02-01 11:05:39
REF_035,Attitude change: Multiple roles for persuasion variables,,not_found,0,2026-02-01 11:05:41
REF_036,Sources of method bias in social science research and recommendations on how to control it,"Despite the concern that has been expressed about potential method biases, and the pervasiveness of research settings with the potential to produce them, there is disagreement about whether they really are a problem for researchers in the behavioral sciences. Therefore, the purpose of this review is to explore the current state of knowledge about method biases. First, we explore the meaning of the terms “method” and “method bias” and then we examine whether method biases influence all measures equally. Next, we review the evidence of the effects that method biases have on individual measures and on the covariation between different constructs. Following this, we evaluate the procedural and statistical remedies that have been used to control method biases and provide recommendations for minimizing method bias.",crossref_api,125,2026-02-01 11:05:42
REF_037,Credibility and trust in risk communication,,not_found,0,2026-02-01 11:05:44
REF_038,The origins of American social science,,book_no_abstract,0,2026-02-01 11:05:44
REF_039,"What are the Social Sciences? Encyclopedia of the Social Sciences, 1",,book_no_abstract,0,2026-02-01 11:05:44
REF_040,The psychology of social norms,,book_no_abstract,0,2026-02-01 11:05:44
REF_041,Effects of interactivity in a web site: The moderating effect of need for cognition,"Abstract This paper examines how consumers process the information available, and what their experiences are, when exposed to an interactive Web site as compared with a noninteractive Web site. The experiment developed analyzes two versions of a Web site in which the capacity to interact with the message has been manipulated. The results show that the interactive Web site leads to more information processing, higher favorability toward the product and the Web site, and greater flow state intensity. In addition, the findings confirm the hypothesized moderating effect of need for cognition on information processing. Implications for new media researchers and practitioners are discussed.",openalex_search,103,2026-02-01 11:05:46
REF_042,The role of heuristics in political reasoning: A theory sketch,"Drawing on a multitude of data sets and building on analyses carried out over more than a decade, this book offers a major new theoretical explanation of how ordinary citizens figure out what they favour and oppose politically. Reacting against the conventional wisdom, which stresses how little attention the general public pays to political issues and the lack of consistency in their opinions, the studies presented in this book redirect attention to the processes of reasoning that can be discerned when people are confronted with choices about political issues. These studies demonstrate that ordinary people are in fact capable of reasoning dependably about political issues by the use of judgmental heuristics, even if they have only a limited knowledge of politics and of specific issues.",crossref_api,125,2026-02-01 11:05:47
REF_043,Blinded with science: Trivial graphs and formulas increase ad persuasiveness and belief in product efficacy,"The appearance of being scientific can increase persuasiveness. Even trivial cues can create such an appearance of a scientific basis. In our studies, including simple elements, such as graphs (Studies 1–2) or a chemical formula (Study 3), increased belief in a medication’s efficacy. This appears to be due to the association of such elements with science, rather than increased comprehensibility, use of visuals, or recall. Belief in science moderates the persuasive effect of graphs, such that people who have a greater belief in science are more affected by the presence of graphs (Study 2). Overall, the studies contribute to past research by demonstrating that even trivial elements can increase public persuasion despite their not truly indicating scientific expertise or objective support.",crossref_api,121,2026-02-01 11:05:49
REF_044,Web personalization as a persuasion strategy: An elaboration likelihood model perspective,"With advances in tracking and database technologies, firms are increasingly able to understand their customers and translate this understanding into products and services that appeal to them. Technologies such as collaborative filtering, data mining, and click-stream analysis enable firms to customize their offerings at the individual level. While there has been a lot of hype about web personalization recently, our understanding of its effectiveness is far from conclusive. Drawing on the elaboration likelihood model (ELM) literature, this research takes the view that the interaction between a firm and its customers is one of communicating a persuasive message to the customers driven by business objectives. In particular, we examine three major elements of a web personalization strategy: level of preference matching, recommendation set size, and sorting cue. These elements can be manipulated by a firm in implementing its personalization strategy. This research also investigates a personal disposition, need for cognition, which plays a role in assessing the effectiveness of web personalization. Research hypotheses are tested using 1,000 subjects in three field experiments based on a ring-tone download website. Our findings indicate the saliency of these variables in different stages of the persuasion process. Theoretical and practical implications of the findings are discussed.",openalex_search,201,2026-02-01 11:05:51
REF_045,Open the social science: Report of the Gulbenkian Commission on the restructuring of the social sciences,,book_no_abstract,0,2026-02-01 11:05:51
REF_046,The idea of a social science and its relation to philosophy,"Preface to the Second Edition Part 1: Philosophical Bearings 1. Aims and Strategy 2. The Underlabourer Conception of Philosophy 3. Philosophy and Science 4. The Philosopher's Concern with Language 5. Conceptual and Empirical Enquiries 6. The Pivotal Role of Epistemology in Philosophy 7. Epistemology and the Understanding of Society 8. Rules: Wittgenstein's Analysis 9. Some Misunderstandings of Wittgenstein Part 2: The Nature of Meaningful Behaviour 1. Philosophy and Sociology 2. Meaningful Behaviour 3. Activities and Precepts 4. Rules and Habits 5. Reflectiveness Part 3: The Social Studies as Science 1. J.S. Mill's 'Logic of the Moral Sciences' 2. Differences in Degree and Differences in Kind 3. Motives and Causes 4. Motives, Dispositions and Reasons 5. The Investigation of Regularities 6. Understanding Social Institutions 7. Prediction in the Social Studies Part 4: The Mind and Society 1. Pareto: Logical and Non-Logical Conduct 2. Pareto: Residues and Derivations 3. Max Weber: Verstehen and Causal Explanation 4. Max Weber: Meaningful Action and Social Action Part 5: Concepts and Actions 1. The Internality of Social Relations 2. Discursive and Non-Discursive 'Ideas' 3. The Social Sciences and History 4. Concluding Remark",openalex_search,186,2026-02-01 11:05:53
REF_047,A controlled evaluation of an eating disorders primary prevention videotape using the Elaboration Likelihood Model of Persuasion,,not_found,0,2026-02-01 11:05:55
REF_048,Psychology’s replication crisis can’t be wished away,,not_found,0,2026-02-01 11:05:56
REF_049,Responses to humorous advertising: The moderating effect of need for cognition,"Abstract An empirical study investigated the effects of humor and need for cognition on an individual's response to print ads about cameras. Results indicate that the effect of humor is moderated by an individual difference factor, a person's need for cognition. Specifically, on measures of attitudes and purchase intention, humor appears more effective in generating favorable responses from persons whose need for cognition is low rather than high. Findings also suggest that the influence of humor on attitude toward the brand is mediated by attitude toward the ad.",openalex_search,88,2026-02-01 11:05:59
REF_050,Moderating effects of need for cognition on responses to positively versus negatively framed advertising messages,"Abstract A 2 × 2 × 2 experimental study was conducted to investigate the moderating effect of consumer individual differences in need for cognition (NFC) and source credibility on the processing of framed advertising messages. The authors used a student sample (n = 160) and three dependent variables: product attractiveness, willingness to purchase, and perceived performance. Results indicate NFC influenced the strength of framed messages and source credibility effects in consumer responses to ad messages. Specifically, the message framing effect was more salient for low- NFC subjects than high- NFC subjects. Further, low- NFC subjects were influenced more by the negatively framed messages than by the positively framed messages. Although the hypothesized source credibility main effect did not materialize, low- NFC subjects responded the least favorably to messages presented by non-expert sources. Other findings and implications are discussed.",openalex_search,138,2026-02-01 11:06:01
